qualified_id,cohort,artifact_sha256,parameter_id,direction,ordinal,tensor_index,tensor_name,dtype,shape,shape_signature,quantization_status,scheme,granularity,scales,zero_points,quantized_dimension,contract_sha256
google-legacy-quantized/inception-v3-quant,google-legacy-quantized,6aecf177dc84a11dc5ea8f03df188039dded543fc7cd03f3b89a6541dbb37ee6,input:0:T315,input,0,315,input,UINT8,"[1,299,299,3]",[],complete,affine,per_tensor,[0.0078125],[128],0,caf9dc3df8ee859e9f5f63065cf92ad520fd9225548b181f0aa0988261dacf52
google-legacy-quantized/inception-v3-quant,google-legacy-quantized,6aecf177dc84a11dc5ea8f03df188039dded543fc7cd03f3b89a6541dbb37ee6,output:0:T316,output,0,316,output,UINT8,"[1,1001]",[],complete,affine,per_tensor,[0.07597498595714569],[53],0,022fc66019b1c31107f815b95af47bbed043aa40314a6d933d4d370f80c891ac
google-legacy-quantized/mobilenet-v1-1.0-224-quant,google-legacy-quantized,ecc3a67c47c5a609ec35f6a58a7d97532834e43df4cb7d3f1204a8164b7d20dd,input:0:T88,input,0,88,input,UINT8,"[1,224,224,3]",[],complete,affine,per_tensor,[0.0078125],[128],0,caf9dc3df8ee859e9f5f63065cf92ad520fd9225548b181f0aa0988261dacf52
google-legacy-quantized/mobilenet-v1-1.0-224-quant,google-legacy-quantized,ecc3a67c47c5a609ec35f6a58a7d97532834e43df4cb7d3f1204a8164b7d20dd,output:0:T87,output,0,87,MobilenetV1/Predictions/Reshape_1,UINT8,"[1,1001]",[],complete,affine,per_tensor,[0.00390625],[0],0,77bac4e9a78f7e45b931ccff9ccb849e4ccef51eda44fdfe13221ad41b51aa64
google-legacy-quantized/mobilenet-v2-1.0-224-quant,google-legacy-quantized,f08d447cde49b4e0446428aa921aff0a14ea589fa9c5817b31f83128e9a43c1d,input:0:T171,input,0,171,input,UINT8,"[1,224,224,3]",[],complete,affine,per_tensor,[0.0078125],[128],0,caf9dc3df8ee859e9f5f63065cf92ad520fd9225548b181f0aa0988261dacf52
google-legacy-quantized/mobilenet-v2-1.0-224-quant,google-legacy-quantized,f08d447cde49b4e0446428aa921aff0a14ea589fa9c5817b31f83128e9a43c1d,output:0:T172,output,0,172,output,UINT8,"[1,1001]",[],complete,affine,per_tensor,[0.09889253973960876],[58],0,fd9168008a929b3062e4402c0c65c64dd2f70dd7050463f9312f1cb91c732fe9
google-legacy-quantized/ssd-mobilenet-v1-quant,google-legacy-quantized,e4b118e5e4531945de2e659742c7c590f7536f8d0ed26d135abcfe83b4779d13,input:0:T175,input,0,175,normalized_input_image_tensor,UINT8,"[1,300,300,3]",[],complete,affine,per_tensor,[0.0078125],[128],0,caf9dc3df8ee859e9f5f63065cf92ad520fd9225548b181f0aa0988261dacf52
google-legacy-quantized/ssd-mobilenet-v1-quant,google-legacy-quantized,e4b118e5e4531945de2e659742c7c590f7536f8d0ed26d135abcfe83b4779d13,output:0:T167,output,0,167,TFLite_Detection_PostProcess,FLOAT32,[],[],not_quantized,none,not_quantized,[],[],0,225a7edf66752cb76b869e0e507846dd75683cca0a1055994d2b515b55a55b54
google-legacy-quantized/ssd-mobilenet-v1-quant,google-legacy-quantized,e4b118e5e4531945de2e659742c7c590f7536f8d0ed26d135abcfe83b4779d13,output:1:T168,output,1,168,TFLite_Detection_PostProcess:1,FLOAT32,[],[],not_quantized,none,not_quantized,[],[],0,225a7edf66752cb76b869e0e507846dd75683cca0a1055994d2b515b55a55b54
google-legacy-quantized/ssd-mobilenet-v1-quant,google-legacy-quantized,e4b118e5e4531945de2e659742c7c590f7536f8d0ed26d135abcfe83b4779d13,output:2:T169,output,2,169,TFLite_Detection_PostProcess:2,FLOAT32,[],[],not_quantized,none,not_quantized,[],[],0,225a7edf66752cb76b869e0e507846dd75683cca0a1055994d2b515b55a55b54
google-legacy-quantized/ssd-mobilenet-v1-quant,google-legacy-quantized,e4b118e5e4531945de2e659742c7c590f7536f8d0ed26d135abcfe83b4779d13,output:3:T170,output,3,170,TFLite_Detection_PostProcess:3,FLOAT32,[],[],not_quantized,none,not_quantized,[],[],0,225a7edf66752cb76b869e0e507846dd75683cca0a1055994d2b515b55a55b54
litert-modern-static-int8/expanded-densenet161-tv-in1k,litert-modern-static-int8,757c4898202f74162d63dad8cc38f65a913eba9f3c14a95be934ab528acd58a6,input:0:T903,input,0,903,g0::x,INT8,"[1,3,224,224]","[1,3,224,224]",complete,affine,per_tensor,[0.017942840233445168],[-14],0,11c57599b4e9bf98d31ed65ad1a2039b28866528b1516fcc07c28a0fd565d2aa
litert-modern-static-int8/expanded-densenet161-tv-in1k,litert-modern-static-int8,757c4898202f74162d63dad8cc38f65a913eba9f3c14a95be934ab528acd58a6,output:0:T327,output,0,327,g0::linear,INT8,"[1,1000]","[1,1000]",complete,affine,per_tensor,[0.0949302688241005],[-69],0,ddcd9782a54b2dc53c279b85e1feb3f3a4d8ea42e84982b2feb1c7c167ffd05d
litert-modern-static-int8/expanded-densenet169-tv-in1k,litert-modern-static-int8,c17dbe0e71d98e01951f029a6777822ad90af570afdcb92a831255340fa6fd04,input:0:T947,input,0,947,g0::x,INT8,"[1,3,224,224]","[1,3,224,224]",complete,affine,per_tensor,[0.017942840233445168],[-14],0,11c57599b4e9bf98d31ed65ad1a2039b28866528b1516fcc07c28a0fd565d2aa
litert-modern-static-int8/expanded-densenet169-tv-in1k,litert-modern-static-int8,c17dbe0e71d98e01951f029a6777822ad90af570afdcb92a831255340fa6fd04,output:0:T343,output,0,343,g0::linear,INT8,"[1,1000]","[1,1000]",complete,affine,per_tensor,[0.09312402456998825],[-66],0,c5ae6998886d3758839d773177003d2d3db4baef03a85468e460f0ac5bf043ca
litert-modern-static-int8/expanded-densenet201-tv-in1k,litert-modern-static-int8,b1bdbf97fa7f5b53c180c7538d650cf47678ca7e8bfc9f9809b63d9b9ed22799,input:0:T1123,input,0,1123,g0::x,INT8,"[1,3,224,224]","[1,3,224,224]",complete,affine,per_tensor,[0.017942840233445168],[-14],0,11c57599b4e9bf98d31ed65ad1a2039b28866528b1516fcc07c28a0fd565d2aa
litert-modern-static-int8/expanded-densenet201-tv-in1k,litert-modern-static-int8,b1bdbf97fa7f5b53c180c7538d650cf47678ca7e8bfc9f9809b63d9b9ed22799,output:0:T407,output,0,407,g0::linear,INT8,"[1,1000]","[1,1000]",complete,affine,per_tensor,[0.08615352213382721],[-66],0,8ae482cb71484a17190d0301e7b705d27b1a352828db7afd3a92ada4ead275de
litert-modern-static-int8/expanded-mobilenet-v2,litert-modern-static-int8,6b92681ad122c19f14d7556a028e6ece72891759e27b19ac3df97768ef4dd716,input:0:T184,input,0,184,g0::x,INT8,"[1,3,224,224]","[1,3,224,224]",complete,affine,per_tensor,[0.017623191699385643],[-14],0,dd2065aa81c6462a0d6ee3c30c886c2a0602932991c8d8049562cbfaf7621041
litert-modern-static-int8/expanded-mobilenet-v2,litert-modern-static-int8,6b92681ad122c19f14d7556a028e6ece72891759e27b19ac3df97768ef4dd716,output:0:T127,output,0,127,g0::linear,INT8,"[1,1000]","[1,1000]",complete,affine,per_tensor,[0.034059230238199234],[-75],0,13e2ed5b0b40bd03ce0c9fc3b1c05c61d756da3672ef8c90c252efc7d6ebeafc
litert-modern-static-int8/expanded-mobilenet-v3-large,litert-modern-static-int8,620a6b6431790233dee4d726f49a9a83b3303e65a50787475c3ebc5e74f55b7c,input:0:T286,input,0,286,g0::x,INT8,"[1,3,224,224]","[1,3,224,224]",complete,affine,per_tensor,[0.017623191699385643],[-14],0,dd2065aa81c6462a0d6ee3c30c886c2a0602932991c8d8049562cbfaf7621041
litert-modern-static-int8/expanded-mobilenet-v3-large,litert-modern-static-int8,620a6b6431790233dee4d726f49a9a83b3303e65a50787475c3ebc5e74f55b7c,output:0:T158,output,0,158,g0::linear_1,INT8,"[1,1000]","[1,1000]",complete,affine,per_tensor,[0.04168519750237465],[-69],0,19b97dde193a846ed3e95d9bdbd9abdf07a07a383529a5351f7cefad81a6c969
litert-modern-static-int8/expanded-mobilenet-v3-small,litert-modern-static-int8,b07b0db7ecce321db4c6b729f035c76d3ea5df9ccb1e5f0535af5a4ad2325efd,input:0:T256,input,0,256,g0::x,INT8,"[1,3,224,224]","[1,3,224,224]",complete,affine,per_tensor,[0.017623191699385643],[-14],0,dd2065aa81c6462a0d6ee3c30c886c2a0602932991c8d8049562cbfaf7621041
litert-modern-static-int8/expanded-mobilenet-v3-small,litert-modern-static-int8,b07b0db7ecce321db4c6b729f035c76d3ea5df9ccb1e5f0535af5a4ad2325efd,output:0:T138,output,0,138,g0::linear_1,INT8,"[1,1000]","[1,1000]",complete,affine,per_tensor,[0.09926129877567291],[-4],0,00dab52e5b0baea8f8ddebdaa625c272edda96bbd7c3a956d5ed4f80ef267674
litert-modern-static-int8/expanded-regnetx-004-tv-tv2-in1k,litert-modern-static-int8,87d4fb3fc27d02e19c25365d32676a6b62b113f2c347c190205d023f89b4c51d,input:0:T2511,input,0,2511,g0::x,INT8,"[1,3,224,224]","[1,3,224,224]",complete,affine,per_tensor,[0.017972450703382492],[-14],0,fd7d6cda44ec28d95f523a7b32e590aa95045cd08df611a70628a7426080a5f1
litert-modern-static-int8/expanded-regnetx-004-tv-tv2-in1k,litert-modern-static-int8,87d4fb3fc27d02e19c25365d32676a6b62b113f2c347c190205d023f89b4c51d,output:0:T2390,output,0,2390,g0::linear,INT8,"[1,1000]","[1,1000]",complete,affine,per_tensor,[0.030380157753825188],[-78],0,d7bb2de82c8434f913a8c78dbf0347500439470e7b46c45308c52df4703ddc71
litert-modern-static-int8/expanded-regnetx-008-tv2-in1k,litert-modern-static-int8,86c3436c7988e90a15f95e21a76553dadf4f93b5c83d367a5719f89ff9d2de66,input:0:T2361,input,0,2361,g0::x,INT8,"[1,3,224,224]","[1,3,224,224]",complete,affine,per_tensor,[0.017972450703382492],[-14],0,fd7d6cda44ec28d95f523a7b32e590aa95045cd08df611a70628a7426080a5f1
litert-modern-static-int8/expanded-regnetx-008-tv2-in1k,litert-modern-static-int8,86c3436c7988e90a15f95e21a76553dadf4f93b5c83d367a5719f89ff9d2de66,output:0:T2270,output,0,2270,g0::linear,INT8,"[1,1000]","[1,1000]",complete,affine,per_tensor,[0.0289138350635767],[-82],0,3f4d3b0f5db98a4b81cea31b36a052354dcfd0b24c4b3d77542147519204e496
litert-modern-static-int8/expanded-regnetx-016-tv2-in1k,litert-modern-static-int8,9b417b9cb8a8ff382ac9cc0428840a4f397e61142ee11020994cf818a64d2f5c,input:0:T1875,input,0,1875,g0::x,INT8,"[1,3,224,224]","[1,3,224,224]",complete,affine,per_tensor,[0.017972450703382492],[-14],0,fd7d6cda44ec28d95f523a7b32e590aa95045cd08df611a70628a7426080a5f1
litert-modern-static-int8/expanded-regnetx-016-tv2-in1k,litert-modern-static-int8,9b417b9cb8a8ff382ac9cc0428840a4f397e61142ee11020994cf818a64d2f5c,output:0:T1774,output,0,1774,g0::linear,INT8,"[1,1000]","[1,1000]",complete,affine,per_tensor,[0.030595190823078156],[-85],0,78adc9e0e78ddef54ae9ce4cb26672cd5b8741a07cf9e12507b501c6973e0a7c
litert-modern-static-int8/expanded-regnetx-032-tv2-in1k,litert-modern-static-int8,e40544aff44244ff6577021690d5fe5596c4375c1f386988f345d31deb9d2642,input:0:T1488,input,0,1488,g0::x,INT8,"[1,3,224,224]","[1,3,224,224]",complete,affine,per_tensor,[0.017972450703382492],[-14],0,fd7d6cda44ec28d95f523a7b32e590aa95045cd08df611a70628a7426080a5f1
litert-modern-static-int8/expanded-regnetx-032-tv2-in1k,litert-modern-static-int8,e40544aff44244ff6577021690d5fe5596c4375c1f386988f345d31deb9d2642,output:0:T1352,output,0,1352,g0::linear,INT8,"[1,1000]","[1,1000]",complete,affine,per_tensor,[0.03723960742354393],[-89],0,8aea7e33fd4f0841686958875df7e38316efc121ef455e52bdcd13e11798f605
litert-modern-static-int8/expanded-regnetx-080-tv2-in1k,litert-modern-static-int8,d76d68e2ebdf867a34924eb1a27685b1bbd7eb5c0d959559cc3b239c740e2026,input:0:T938,input,0,938,g0::x,INT8,"[1,3,224,224]","[1,3,224,224]",complete,affine,per_tensor,[0.017972450703382492],[-14],0,fd7d6cda44ec28d95f523a7b32e590aa95045cd08df611a70628a7426080a5f1
litert-modern-static-int8/expanded-regnetx-080-tv2-in1k,litert-modern-static-int8,d76d68e2ebdf867a34924eb1a27685b1bbd7eb5c0d959559cc3b239c740e2026,output:0:T810,output,0,810,g0::linear,INT8,"[1,1000]","[1,1000]",complete,affine,per_tensor,[0.03868645429611206],[-98],0,2736bf8a4d442b8e898c247b51d9bea5a6a09030d4437b8b845287713aa7c4d2
litert-modern-static-int8/expanded-regnetx-160-tv2-in1k,litert-modern-static-int8,58537895ce4fd18504af40d3b3456de9d52227e4f42b6e53d8ac4ebe8ab036ae,input:0:T1041,input,0,1041,g0::x,INT8,"[1,3,224,224]","[1,3,224,224]",complete,affine,per_tensor,[0.017972450703382492],[-14],0,fd7d6cda44ec28d95f523a7b32e590aa95045cd08df611a70628a7426080a5f1
litert-modern-static-int8/expanded-regnetx-160-tv2-in1k,litert-modern-static-int8,58537895ce4fd18504af40d3b3456de9d52227e4f42b6e53d8ac4ebe8ab036ae,output:0:T920,output,0,920,g0::linear,INT8,"[1,1000]","[1,1000]",complete,affine,per_tensor,[0.03918502479791641],[-101],0,bcebf97685946c17824bce3ecb5fb6e4df768075d6119c95dde48a90dee7b1b1
litert-modern-static-int8/expanded-resnet18,litert-modern-static-int8,4d0d6bd49d4f54e1e5aa1d58bf0bfaab09ec12fcc3f5d663c1ac1761774ba76f,input:0:T88,input,0,88,g0::x,INT8,"[1,3,224,224]","[1,3,224,224]",complete,affine,per_tensor,[0.017623191699385643],[-14],0,dd2065aa81c6462a0d6ee3c30c886c2a0602932991c8d8049562cbfaf7621041
litert-modern-static-int8/expanded-resnet18,litert-modern-static-int8,4d0d6bd49d4f54e1e5aa1d58bf0bfaab09ec12fcc3f5d663c1ac1761774ba76f,output:0:T44,output,0,44,g0::linear,INT8,"[1,1000]","[1,1000]",complete,affine,per_tensor,[0.09038539230823517],[-51],0,bdd450b9f405190ec8d6114ca9e1732584c680d8ec8a1691af2b66766fc477f8
litert-modern-static-int8/expanded-resnet34,litert-modern-static-int8,996adbf1e1ab665ba27860b8f403e47a83052a4f120ad400e46975d49a8c9949,input:0:T144,input,0,144,g0::x,INT8,"[1,3,224,224]","[1,3,224,224]",complete,affine,per_tensor,[0.017623191699385643],[-14],0,dd2065aa81c6462a0d6ee3c30c886c2a0602932991c8d8049562cbfaf7621041
litert-modern-static-int8/expanded-resnet34,litert-modern-static-int8,996adbf1e1ab665ba27860b8f403e47a83052a4f120ad400e46975d49a8c9949,output:0:T68,output,0,68,g0::linear,INT8,"[1,1000]","[1,1000]",complete,affine,per_tensor,[0.09004086256027222],[-57],0,b62a3214aa85b754da1e0bf187c9647d3292f80c21b2a49ac5dbb8a748f9ed14
litert-modern-static-int8/expanded-resnet50,litert-modern-static-int8,4b47a9100b1ccd66c1dd5ad59c2ef6bc1ae43dbda240cd9354e1ea874a6f0ebc,input:0:T195,input,0,195,g0::x,INT8,"[1,3,224,224]","[1,3,224,224]",complete,affine,per_tensor,[0.017552465200424194],[-14],0,065244a76f82e523da7f9c4524c2282c857f8681b22fc21968578c14ecd975f5
litert-modern-static-int8/expanded-resnet50,litert-modern-static-int8,4b47a9100b1ccd66c1dd5ad59c2ef6bc1ae43dbda240cd9354e1ea874a6f0ebc,output:0:T86,output,0,86,g0::linear,INT8,"[1,1000]","[1,1000]",complete,affine,per_tensor,[0.030605681240558624],[-90],0,dcdb6b3550ec19d96a3f76f28747e2ef0ac72c20e26dd8f2e0bea09d097e8bc8
mcunet-curated-ptq/mbv2-w0-35,mcunet-curated-ptq,00c87d2a5f2d96deb7a7e8afe000b786e5198384ab66f21c714dd3ed43d00f8c,input:0:T276,input,0,276,input,INT8,"[1,144,144,3]",[],complete,affine,per_tensor,[0.007843137718737125],[-1],0,fd85aad37bb50d79a5295c5e154dd392f5f3c6f5cceea601a0177708c1c5ca0f
mcunet-curated-ptq/mbv2-w0-35,mcunet-curated-ptq,00c87d2a5f2d96deb7a7e8afe000b786e5198384ab66f21c714dd3ed43d00f8c,output:0:T1,output,0,1,Reshape,INT8,"[1,1000]",[],complete,affine,per_tensor,[0.16410475969314575],[-44],0,e2743dd84d5e1c12146938b1d42971ec2ffef278ada25f30a0de26705031afd6
mcunet-curated-ptq/mcunet-in0,mcunet-curated-ptq,4791f13ac1b90b0a1a0b96177d905197a1ebd34f7bc960d92c9d3250aa5b6ef8,input:0:T239,input,0,239,input,INT8,"[1,48,48,3]",[],complete,affine,per_tensor,[0.007843137718737125],[-1],0,fd85aad37bb50d79a5295c5e154dd392f5f3c6f5cceea601a0177708c1c5ca0f
mcunet-curated-ptq/mcunet-in0,mcunet-curated-ptq,4791f13ac1b90b0a1a0b96177d905197a1ebd34f7bc960d92c9d3250aa5b6ef8,output:0:T1,output,0,1,Reshape,INT8,"[1,1000]",[],complete,affine,per_tensor,[0.1465642899274826],[-32],0,b90ff780b916bf7647e2d29e456aa86a92dae924a22af46a4ed79dd67e94c320
mcunet-curated-ptq/mcunet-in1,mcunet-curated-ptq,bf14b8de64caba8630086250b4c6ee660c222d8e48ce3e8c791d0a402e15ef73,input:0:T223,input,0,223,input,INT8,"[1,96,96,3]",[],complete,affine,per_tensor,[0.007843137718737125],[-1],0,fd85aad37bb50d79a5295c5e154dd392f5f3c6f5cceea601a0177708c1c5ca0f
mcunet-curated-ptq/mcunet-in1,mcunet-curated-ptq,bf14b8de64caba8630086250b4c6ee660c222d8e48ce3e8c791d0a402e15ef73,output:0:T1,output,0,1,Reshape,INT8,"[1,1000]",[],complete,affine,per_tensor,[0.16098004579544067],[-35],0,585f878c4e532cb56fe1c862c9c77cb00b9a43ae30dfbc65a068d1faece399b2
mcunet-curated-ptq/mcunet-in2,mcunet-curated-ptq,38c5d0794fa40196cb5c8da4fc64b116a33f448f3db721458916b54b1e4a11fb,input:0:T287,input,0,287,input,INT8,"[1,160,160,3]",[],complete,affine,per_tensor,[0.007843137718737125],[-1],0,fd85aad37bb50d79a5295c5e154dd392f5f3c6f5cceea601a0177708c1c5ca0f
mcunet-curated-ptq/mcunet-in2,mcunet-curated-ptq,38c5d0794fa40196cb5c8da4fc64b116a33f448f3db721458916b54b1e4a11fb,output:0:T1,output,0,1,Reshape,INT8,"[1,1000]",[],complete,affine,per_tensor,[0.19033899903297424],[-35],0,f74c757a454f1f67ed1633742bbaf3270c86238f66794534874eb9c31ad15db0
mcunet-curated-ptq/mcunet-in3,mcunet-curated-ptq,780563f544bccba413b1ee4e051159996ac8b5be39eba8bb38761a51b58a07d1,input:0:T287,input,0,287,input,INT8,"[1,176,176,3]",[],complete,affine,per_tensor,[0.007874015718698502],[0],0,5a6fc64bb769bd7f21cbefe9486e54fa4f433f1162fb443e053f024fd4570b68
mcunet-curated-ptq/mcunet-in3,mcunet-curated-ptq,780563f544bccba413b1ee4e051159996ac8b5be39eba8bb38761a51b58a07d1,output:0:T1,output,0,1,Reshape,INT8,"[1,1000]",[],complete,affine,per_tensor,[0.20178799331188202],[-44],0,c29b54c13700958fde8f514622890f6277f096f2463004f8ef7c1303841d441f
mcunet-curated-ptq/mcunet-in4,mcunet-curated-ptq,1ad36261efdc5185d5236e7f8306a9481d9044c56cbb72f9230fbc67ba13545e,input:0:T271,input,0,271,input,INT8,"[1,160,160,3]",[],complete,affine,per_tensor,[0.007843137718737125],[-1],0,fd85aad37bb50d79a5295c5e154dd392f5f3c6f5cceea601a0177708c1c5ca0f
mcunet-curated-ptq/mcunet-in4,mcunet-curated-ptq,1ad36261efdc5185d5236e7f8306a9481d9044c56cbb72f9230fbc67ba13545e,output:0:T1,output,0,1,Reshape,INT8,"[1,1000]",[],complete,affine,per_tensor,[0.17593495547771454],[-46],0,721139389a909a05bd9eb96d4343b97f2aa5f70b5abc613770c914146f76d3f2
mcunet-curated-ptq/mcunet-person-det,mcunet-curated-ptq,ceb419a25d1f807e4a2480cb93f75e7d18fc6f147fc0addbf9288da8a957449a,input:0:T68,input,0,68,input_0_f.1,FLOAT32,"[1,128,160,3]",[],not_quantized,none,not_quantized,[],[],0,225a7edf66752cb76b869e0e507846dd75683cca0a1055994d2b515b55a55b54
mcunet-curated-ptq/mcunet-person-det,mcunet-curated-ptq,ceb419a25d1f807e4a2480cb93f75e7d18fc6f147fc0addbf9288da8a957449a,output:0:T11,output,0,11,1807,FLOAT32,"[1,4,5,18]",[],not_quantized,none,not_quantized,[],[],0,225a7edf66752cb76b869e0e507846dd75683cca0a1055994d2b515b55a55b54
mcunet-curated-ptq/mcunet-person-det,mcunet-curated-ptq,ceb419a25d1f807e4a2480cb93f75e7d18fc6f147fc0addbf9288da8a957449a,output:1:T108,output,1,108,1808,FLOAT32,"[1,8,10,18]",[],not_quantized,none,not_quantized,[],[],0,225a7edf66752cb76b869e0e507846dd75683cca0a1055994d2b515b55a55b54
mcunet-curated-ptq/mcunet-person-det,mcunet-curated-ptq,ceb419a25d1f807e4a2480cb93f75e7d18fc6f147fc0addbf9288da8a957449a,output:2:T153,output,2,153,1809,FLOAT32,"[1,16,20,18]",[],not_quantized,none,not_quantized,[],[],0,225a7edf66752cb76b869e0e507846dd75683cca0a1055994d2b515b55a55b54
mcunet-curated-ptq/mcunet-vww0,mcunet-curated-ptq,4676b97e2fe775929b1538446a120173ab0e1a0f94a1d81e7322f09fee9b3d1d,input:0:T223,input,0,223,input,INT8,"[1,64,64,3]",[],complete,affine,per_tensor,[0.007843137718737125],[-1],0,fd85aad37bb50d79a5295c5e154dd392f5f3c6f5cceea601a0177708c1c5ca0f
mcunet-curated-ptq/mcunet-vww0,mcunet-curated-ptq,4676b97e2fe775929b1538446a120173ab0e1a0f94a1d81e7322f09fee9b3d1d,output:0:T1,output,0,1,Reshape,INT8,"[1,2]",[],complete,affine,per_tensor,[0.09819237142801285],[0],0,f6bb7a76d1b94a220c0217bf39f3a27d327e63d901e3e4de7f07eac7d9860553
mcunet-curated-ptq/mcunet-vww1,mcunet-curated-ptq,d878916e93f59e63949ce9b8e1a585382d466d3b94d751b9f1628a7753e03c24,input:0:T239,input,0,239,input,INT8,"[1,80,80,3]",[],complete,affine,per_tensor,[0.007843137718737125],[-1],0,fd85aad37bb50d79a5295c5e154dd392f5f3c6f5cceea601a0177708c1c5ca0f
mcunet-curated-ptq/mcunet-vww1,mcunet-curated-ptq,d878916e93f59e63949ce9b8e1a585382d466d3b94d751b9f1628a7753e03c24,output:0:T1,output,0,1,Reshape,INT8,"[1,2]",[],complete,affine,per_tensor,[0.11386775225400925],[-1],0,2454ff6900cbef58999c78be40712065a0eb9c6ff1ce1ad1fc9911f73ca76320
mcunet-curated-ptq/mcunet-vww2,mcunet-curated-ptq,5180674a058b7c7b627a4142b4c6b194382e6df05ad8c8eb40a86aab8c1c7986,input:0:T351,input,0,351,input,INT8,"[1,144,144,3]",[],complete,affine,per_tensor,[0.007843137718737125],[-1],0,fd85aad37bb50d79a5295c5e154dd392f5f3c6f5cceea601a0177708c1c5ca0f
mcunet-curated-ptq/mcunet-vww2,mcunet-curated-ptq,5180674a058b7c7b627a4142b4c6b194382e6df05ad8c8eb40a86aab8c1c7986,output:0:T1,output,0,1,Reshape,INT8,"[1,2]",[],complete,affine,per_tensor,[0.28061529994010925],[0],0,f38c1940990f9116682d6587f881fe9506230a18131cf352ac9218e25a6707e1
mcunet-curated-ptq/proxyless-w0-3,mcunet-curated-ptq,8cfa09445a43c8eb51b94685b72a4aa1c0318865af03636f3f81bcf7042dacc7,input:0:T324,input,0,324,input,INT8,"[1,176,176,3]",[],complete,affine,per_tensor,[0.007843137718737125],[-1],0,fd85aad37bb50d79a5295c5e154dd392f5f3c6f5cceea601a0177708c1c5ca0f
mcunet-curated-ptq/proxyless-w0-3,mcunet-curated-ptq,8cfa09445a43c8eb51b94685b72a4aa1c0318865af03636f3f81bcf7042dacc7,output:0:T1,output,0,1,Reshape,INT8,"[1,1000]",[],complete,affine,per_tensor,[0.16694992780685425],[-36],0,46eb981b569420fda989f05245e35685dad1c8e43f7f18bba31c1c63390a8060
mediapipe-public/audio-classifier-yamnet-f32,mediapipe-public,4d8b4a53282dc83ef04e3e7dbc4fbc98082e34e44ed798e16c3a0cdd4c584faf,input:0:T0,input,0,0,waveform_binary,FLOAT32,[15600],[],not_quantized,none,not_quantized,[],[],0,225a7edf66752cb76b869e0e507846dd75683cca0a1055994d2b515b55a55b54
mediapipe-public/audio-classifier-yamnet-f32,mediapipe-public,4d8b4a53282dc83ef04e3e7dbc4fbc98082e34e44ed798e16c3a0cdd4c584faf,output:0:T120,output,0,120,tower0/network/layer32/final_output,FLOAT32,"[1,521]",[],not_quantized,none,not_quantized,[],[],0,225a7edf66752cb76b869e0e507846dd75683cca0a1055994d2b515b55a55b54
mediapipe-public/audio-embedder-yamnet-f32,mediapipe-public,5e357e61672b6ef7ef27b1804ad01daaa759586f9d63f23125303ca415883bec,input:0:T0,input,0,0,input_1,FLOAT32,"[1,15600]","[-1,15600]",not_quantized,none,not_quantized,[],[],0,225a7edf66752cb76b869e0e507846dd75683cca0a1055994d2b515b55a55b54
mediapipe-public/audio-embedder-yamnet-f32,mediapipe-public,5e357e61672b6ef7ef27b1804ad01daaa759586f9d63f23125303ca415883bec,output:0:T110,output,0,110,Identity,FLOAT32,"[1,1024]",[],not_quantized,none,not_quantized,[],[],0,225a7edf66752cb76b869e0e507846dd75683cca0a1055994d2b515b55a55b54
mediapipe-public/average-word-classifier-f32,mediapipe-public,13bf6f7f35964f1e85d6cc762ee7b1952009b532b233baa5bdb4bf7441097f34,input:0:T0,input,0,0,serving_default_input_1:0,INT32,"[1,256]","[-1,256]",not_quantized,none,not_quantized,[],[],0,225a7edf66752cb76b869e0e507846dd75683cca0a1055994d2b515b55a55b54
mediapipe-public/average-word-classifier-f32,mediapipe-public,13bf6f7f35964f1e85d6cc762ee7b1952009b532b233baa5bdb4bf7441097f34,output:0:T11,output,0,11,StatefulPartitionedCall:0,FLOAT32,"[1,2]","[-1,2]",not_quantized,none,not_quantized,[],[],0,225a7edf66752cb76b869e0e507846dd75683cca0a1055994d2b515b55a55b54
mediapipe-public/deeplab-v3-f32,mediapipe-public,ff36e24d40547fe9e645e2f4e8745d1876d6e38b332d39a82f0bf0f5d1d561b3,input:0:T183,input,0,183,sub_7,FLOAT32,"[1,257,257,3]",[],not_quantized,none,not_quantized,[],[],0,225a7edf66752cb76b869e0e507846dd75683cca0a1055994d2b515b55a55b54
mediapipe-public/deeplab-v3-f32,mediapipe-public,ff36e24d40547fe9e645e2f4e8745d1876d6e38b332d39a82f0bf0f5d1d561b3,output:0:T168,output,0,168,ResizeBilinear_3,FLOAT32,"[1,257,257,21]",[],not_quantized,none,not_quantized,[],[],0,225a7edf66752cb76b869e0e507846dd75683cca0a1055994d2b515b55a55b54
mediapipe-public/efficientdet-lite0-f16,mediapipe-public,4b59100025bea1235a84c1038879a6cccc9f6c49f5e41144e91e74d99e780993,input:0:T0,input,0,0,serving_default_images:0,FLOAT32,"[1,320,320,3]",[],not_quantized,none,not_quantized,[],[],0,225a7edf66752cb76b869e0e507846dd75683cca0a1055994d2b515b55a55b54
mediapipe-public/efficientdet-lite0-f16,mediapipe-public,4b59100025bea1235a84c1038879a6cccc9f6c49f5e41144e91e74d99e780993,output:0:T773,output,0,773,StatefulPartitionedCall:1,FLOAT32,"[1,19206,90]",[],not_quantized,none,not_quantized,[],[],0,225a7edf66752cb76b869e0e507846dd75683cca0a1055994d2b515b55a55b54
mediapipe-public/efficientdet-lite0-f16,mediapipe-public,4b59100025bea1235a84c1038879a6cccc9f6c49f5e41144e91e74d99e780993,output:1:T775,output,1,775,StatefulPartitionedCall:0,FLOAT32,"[1,19206,4]",[],not_quantized,none,not_quantized,[],[],0,225a7edf66752cb76b869e0e507846dd75683cca0a1055994d2b515b55a55b54
mediapipe-public/efficientdet-lite0-int8,mediapipe-public,0720bf247bd76e6594ea28fa9c6f7c5242be774818997dbbeffc4da460c723bb,input:0:T0,input,0,0,serving_default_images:0,UINT8,"[1,320,320,3]",[],complete,affine,per_tensor,[0.0078125],[127],0,1dbc2f7cc10c18fceace5ece21e45cfbe5ee2b90dd6c2e05b52795c678728bd7
mediapipe-public/efficientdet-lite0-int8,mediapipe-public,0720bf247bd76e6594ea28fa9c6f7c5242be774818997dbbeffc4da460c723bb,output:0:T593,output,0,593,StatefulPartitionedCall:1,FLOAT32,"[1,19206,90]",[],not_quantized,none,not_quantized,[],[],0,225a7edf66752cb76b869e0e507846dd75683cca0a1055994d2b515b55a55b54
mediapipe-public/efficientdet-lite0-int8,mediapipe-public,0720bf247bd76e6594ea28fa9c6f7c5242be774818997dbbeffc4da460c723bb,output:1:T596,output,1,596,StatefulPartitionedCall:0,FLOAT32,"[1,19206,4]",[],not_quantized,none,not_quantized,[],[],0,225a7edf66752cb76b869e0e507846dd75683cca0a1055994d2b515b55a55b54
mediapipe-public/efficientnet-lite0-f32,mediapipe-public,6c7ab0a6e5dcbf38a8c33b960996a55a3b4300b36a018c4545801de3a3c8bde0,input:0:T0,input,0,0,images,FLOAT32,"[1,224,224,3]",[],not_quantized,none,not_quantized,[],[],0,225a7edf66752cb76b869e0e507846dd75683cca0a1055994d2b515b55a55b54
mediapipe-public/efficientnet-lite0-f32,mediapipe-public,6c7ab0a6e5dcbf38a8c33b960996a55a3b4300b36a018c4545801de3a3c8bde0,output:0:T163,output,0,163,Softmax,FLOAT32,"[1,1000]",[],not_quantized,none,not_quantized,[],[],0,225a7edf66752cb76b869e0e507846dd75683cca0a1055994d2b515b55a55b54
mediapipe-public/efficientnet-lite0-int8,mediapipe-public,bc2ffe19c1118de0c0c2a9088992da5589722656e0fba81421385300a4a34b16,input:0:T164,input,0,164,images,UINT8,"[1,224,224,3]",[],complete,affine,per_tensor,[0.012566016986966133],[131],0,f9a317503b70e6992ed311927667ca9b7bc0191efc1379fd8e3602f648e23743
mediapipe-public/efficientnet-lite0-int8,mediapipe-public,bc2ffe19c1118de0c0c2a9088992da5589722656e0fba81421385300a4a34b16,output:0:T165,output,0,165,Softmax,UINT8,"[1,1000]",[],complete,affine,per_tensor,[0.00390625],[0],0,77bac4e9a78f7e45b931ccff9ccb849e4ccef51eda44fdfe13221ad41b51aa64
mediapipe-public/efficientnet-lite2-int8,mediapipe-public,7fc3a7dbc1cd2833b162a54577afb47ab531d9c4b799ef11d90a4c56fe4ed5ad,input:0:T214,input,0,214,images,UINT8,"[1,260,260,3]",[],complete,affine,per_tensor,[0.012342923320829868],[125],0,15cb08a2b4b9187a4a921565dfadbf0dd759430d5cfb1a283027acd5696bab21
mediapipe-public/efficientnet-lite2-int8,mediapipe-public,7fc3a7dbc1cd2833b162a54577afb47ab531d9c4b799ef11d90a4c56fe4ed5ad,output:0:T215,output,0,215,Softmax,UINT8,"[1,1000]",[],complete,affine,per_tensor,[0.00390625],[0],0,77bac4e9a78f7e45b931ccff9ccb849e4ccef51eda44fdfe13221ad41b51aa64
mediapipe-public/face-detector-full-f16,mediapipe-public,3698b18f063835bc609069ef052228fbe86d9c9a6dc8dcb7c7c2d69aed2b181b,input:0:T0,input,0,0,input,FLOAT32,"[1,192,192,3]",[],not_quantized,none,not_quantized,[],[],0,225a7edf66752cb76b869e0e507846dd75683cca0a1055994d2b515b55a55b54
mediapipe-public/face-detector-full-f16,mediapipe-public,3698b18f063835bc609069ef052228fbe86d9c9a6dc8dcb7c7c2d69aed2b181b,output:0:T365,output,0,365,reshaped_regressor_face_4,FLOAT32,"[1,2304,16]",[],not_quantized,none,not_quantized,[],[],0,225a7edf66752cb76b869e0e507846dd75683cca0a1055994d2b515b55a55b54
mediapipe-public/face-detector-full-f16,mediapipe-public,3698b18f063835bc609069ef052228fbe86d9c9a6dc8dcb7c7c2d69aed2b181b,output:1:T364,output,1,364,reshaped_classifier_face_4,FLOAT32,"[1,2304,1]",[],not_quantized,none,not_quantized,[],[],0,225a7edf66752cb76b869e0e507846dd75683cca0a1055994d2b515b55a55b54
mediapipe-public/face-detector-full-sparse-f16,mediapipe-public,2c3728e6da56f21e21a320433396fb06d40d9088f2247c05e5635a688d45dfe1,input:0:T0,input,0,0,input_1,FLOAT32,"[1,192,192,3]",[],not_quantized,none,not_quantized,[],[],0,225a7edf66752cb76b869e0e507846dd75683cca0a1055994d2b515b55a55b54
mediapipe-public/face-detector-full-sparse-f16,mediapipe-public,2c3728e6da56f21e21a320433396fb06d40d9088f2247c05e5635a688d45dfe1,output:0:T576,output,0,576,Identity,FLOAT32,"[1,2304,16]",[],not_quantized,none,not_quantized,[],[],0,225a7edf66752cb76b869e0e507846dd75683cca0a1055994d2b515b55a55b54
mediapipe-public/face-detector-full-sparse-f16,mediapipe-public,2c3728e6da56f21e21a320433396fb06d40d9088f2247c05e5635a688d45dfe1,output:1:T562,output,1,562,Identity_1,FLOAT32,"[1,2304,1]",[],not_quantized,none,not_quantized,[],[],0,225a7edf66752cb76b869e0e507846dd75683cca0a1055994d2b515b55a55b54
mediapipe-public/face-detector-short-f16,mediapipe-public,b4578f35940bf5a1a655214a1cce5cab13eba73c1297cd78e1a04c2380b0152f,input:0:T0,input,0,0,input,FLOAT32,"[1,128,128,3]",[],not_quantized,none,not_quantized,[],[],0,225a7edf66752cb76b869e0e507846dd75683cca0a1055994d2b515b55a55b54
mediapipe-public/face-detector-short-f16,mediapipe-public,b4578f35940bf5a1a655214a1cce5cab13eba73c1297cd78e1a04c2380b0152f,output:0:T175,output,0,175,regressors,FLOAT32,"[1,896,16]",[],not_quantized,none,not_quantized,[],[],0,225a7edf66752cb76b869e0e507846dd75683cca0a1055994d2b515b55a55b54
mediapipe-public/face-detector-short-f16,mediapipe-public,b4578f35940bf5a1a655214a1cce5cab13eba73c1297cd78e1a04c2380b0152f,output:1:T174,output,1,174,classificators,FLOAT32,"[1,896,1]",[],not_quantized,none,not_quantized,[],[],0,225a7edf66752cb76b869e0e507846dd75683cca0a1055994d2b515b55a55b54
mediapipe-public/hair-segmenter-f32,mediapipe-public,2628cf3ce5f695f604cbea2841e00befcaa3624bf80caf3664bef2656d59bf84,input:0:T0,input,0,0,input_1,FLOAT32,"[1,512,512,4]",[],not_quantized,none,not_quantized,[],[],0,225a7edf66752cb76b869e0e507846dd75683cca0a1055994d2b515b55a55b54
mediapipe-public/hair-segmenter-f32,mediapipe-public,2628cf3ce5f695f604cbea2841e00befcaa3624bf80caf3664bef2656d59bf84,output:0:T608,output,0,608,conv2d_transpose_4,FLOAT32,"[1,512,512,2]",[],not_quantized,none,not_quantized,[],[],0,225a7edf66752cb76b869e0e507846dd75683cca0a1055994d2b515b55a55b54
mediapipe-public/language-detector-f32,mediapipe-public,7db4f23dfe1ad8966b050b419a865da451143fd43eb6b606a256aadeeb1e5417,input:0:T0,input,0,0,Placeholder,STRING,[1],[],not_quantized,none,not_quantized,[],[],0,225a7edf66752cb76b869e0e507846dd75683cca0a1055994d2b515b55a55b54
mediapipe-public/language-detector-f32,mediapipe-public,7db4f23dfe1ad8966b050b419a865da451143fd43eb6b606a256aadeeb1e5417,output:0:T28,output,0,28,pod/Softmax,FLOAT32,"[1,111]",[],not_quantized,none,not_quantized,[],[],0,225a7edf66752cb76b869e0e507846dd75683cca0a1055994d2b515b55a55b54
mediapipe-public/magic-touch-segmenter-f32,mediapipe-public,e24338a717c1b7ad8d159666677ef400babb7f33b8ad60c4d96db4ecf694cd25,input:0:T0,input,0,0,input_1,FLOAT32,"[1,512,512,4]",[],not_quantized,none,not_quantized,[],[],0,225a7edf66752cb76b869e0e507846dd75683cca0a1055994d2b515b55a55b54
mediapipe-public/magic-touch-segmenter-f32,mediapipe-public,e24338a717c1b7ad8d159666677ef400babb7f33b8ad60c4d96db4ecf694cd25,output:0:T343,output,0,343,Identity,FLOAT32,"[1,512,512,1]",[],not_quantized,none,not_quantized,[],[],0,225a7edf66752cb76b869e0e507846dd75683cca0a1055994d2b515b55a55b54
mediapipe-public/mobilenet-v3-large-embedder-f32,mediapipe-public,11af3c560dfeed7737cb4c03c23bf52a8403020784192d4dea0b74862a12828d,input:0:T0,input,0,0,serving_default_inputs:0,FLOAT32,"[1,224,224,3]","[-1,224,224,3]",not_quantized,none,not_quantized,[],[],0,225a7edf66752cb76b869e0e507846dd75683cca0a1055994d2b515b55a55b54
mediapipe-public/mobilenet-v3-large-embedder-f32,mediapipe-public,11af3c560dfeed7737cb4c03c23bf52a8403020784192d4dea0b74862a12828d,output:0:T254,output,0,254,StatefulPartitionedCall:0,FLOAT32,"[1,1280]","[-1,1280]",not_quantized,none,not_quantized,[],[],0,225a7edf66752cb76b869e0e507846dd75683cca0a1055994d2b515b55a55b54
mediapipe-public/mobilenet-v3-small-embedder-f32,mediapipe-public,bbbb4c51a55a53905af1daec995ca1aae355046f8839bb8c9f5ce9271394bc40,input:0:T0,input,0,0,serving_default_inputs:0,FLOAT32,"[1,224,224,3]","[-1,224,224,3]",not_quantized,none,not_quantized,[],[],0,225a7edf66752cb76b869e0e507846dd75683cca0a1055994d2b515b55a55b54
mediapipe-public/mobilenet-v3-small-embedder-f32,mediapipe-public,bbbb4c51a55a53905af1daec995ca1aae355046f8839bb8c9f5ce9271394bc40,output:0:T221,output,0,221,StatefulPartitionedCall:0,FLOAT32,"[1,1024]","[-1,1024]",not_quantized,none,not_quantized,[],[],0,225a7edf66752cb76b869e0e507846dd75683cca0a1055994d2b515b55a55b54
mediapipe-public/selfie-segmenter-f16,mediapipe-public,191ac9529ae506ee0beefa6b2c945a172dab9d07d1e802a290a4e4038226658b,input:0:T0,input,0,0,input_1,FLOAT32,"[1,256,256,3]",[],not_quantized,none,not_quantized,[],[],0,225a7edf66752cb76b869e0e507846dd75683cca0a1055994d2b515b55a55b54
mediapipe-public/selfie-segmenter-f16,mediapipe-public,191ac9529ae506ee0beefa6b2c945a172dab9d07d1e802a290a4e4038226658b,output:0:T249,output,0,249,activation_10,FLOAT32,"[1,256,256,1]",[],not_quantized,none,not_quantized,[],[],0,225a7edf66752cb76b869e0e507846dd75683cca0a1055994d2b515b55a55b54
mediapipe-public/ssd-mobilenet-v2-f16,mediapipe-public,ee21e12bfdc464100c6008c865ab8294f6a04162e6ed2e11986f1175b02cfab2,input:0:T0,input,0,0,serving_default_inputs:0,FLOAT32,"[1,256,256,3]",[],not_quantized,none,not_quantized,[],[],0,225a7edf66752cb76b869e0e507846dd75683cca0a1055994d2b515b55a55b54
mediapipe-public/ssd-mobilenet-v2-f16,mediapipe-public,ee21e12bfdc464100c6008c865ab8294f6a04162e6ed2e11986f1175b02cfab2,output:0:T659,output,0,659,StatefulPartitionedCall:0,FLOAT32,"[1,12276,4]",[],not_quantized,none,not_quantized,[],[],0,225a7edf66752cb76b869e0e507846dd75683cca0a1055994d2b515b55a55b54
mediapipe-public/ssd-mobilenet-v2-f16,mediapipe-public,ee21e12bfdc464100c6008c865ab8294f6a04162e6ed2e11986f1175b02cfab2,output:1:T657,output,1,657,StatefulPartitionedCall:1,FLOAT32,"[1,12276,91]",[],not_quantized,none,not_quantized,[],[],0,225a7edf66752cb76b869e0e507846dd75683cca0a1055994d2b515b55a55b54
mediapipe-public/universal-sentence-encoder-f32,mediapipe-public,89ad3c74175dd8caa398cc22b657296d94302d20c525c12b58b29420f7249749,input:0:T0,input,0,0,ParseExample/ParseExampleV2:1,STRING,[1],[-1],not_quantized,none,not_quantized,[],[],0,225a7edf66752cb76b869e0e507846dd75683cca0a1055994d2b515b55a55b54
mediapipe-public/universal-sentence-encoder-f32,mediapipe-public,89ad3c74175dd8caa398cc22b657296d94302d20c525c12b58b29420f7249749,input:1:T1,input,1,1,ParseExample/ParseExampleV2:2,STRING,[1],[-1],not_quantized,none,not_quantized,[],[],0,225a7edf66752cb76b869e0e507846dd75683cca0a1055994d2b515b55a55b54
mediapipe-public/universal-sentence-encoder-f32,mediapipe-public,89ad3c74175dd8caa398cc22b657296d94302d20c525c12b58b29420f7249749,input:2:T2,input,2,2,ParseExample/ParseExampleV2:3,STRING,[1],[-1],not_quantized,none,not_quantized,[],[],0,225a7edf66752cb76b869e0e507846dd75683cca0a1055994d2b515b55a55b54
mediapipe-public/universal-sentence-encoder-f32,mediapipe-public,89ad3c74175dd8caa398cc22b657296d94302d20c525c12b58b29420f7249749,output:0:T407,output,0,407,Final/EncodeQuery/mul,FLOAT32,"[1,100]","[-1,100]",not_quantized,none,not_quantized,[],[],0,225a7edf66752cb76b869e0e507846dd75683cca0a1055994d2b515b55a55b54
mediapipe-public/universal-sentence-encoder-f32,mediapipe-public,89ad3c74175dd8caa398cc22b657296d94302d20c525c12b58b29420f7249749,output:1:T699,output,1,699,Final/EncodeResult/mul,FLOAT32,"[1,100]","[-1,100]",not_quantized,none,not_quantized,[],[],0,225a7edf66752cb76b869e0e507846dd75683cca0a1055994d2b515b55a55b54
